"filename", "language", "JSON with Comments", "JSON", "Markdown", "TypeScript", "TypeScript JSX", "MS SQL", "JavaScript", "comment", "blank", "total"
"c:\Users\sahil\Downloads\am_group_main_dashboard\PROJECT_CONTEXT.md", "Markdown", 0, 0, 7, 0, 0, 0, 0, 0, 0, 7
"c:\Users\sahil\Downloads\am_group_main_dashboard\app\api\activity\route.ts", "TypeScript", 0, 0, 0, 39, 0, 0, 0, 0, 7, 46
"c:\Users\sahil\Downloads\am_group_main_dashboard\app\api\admin\activity-logs\route.ts", "TypeScript", 0, 0, 0, 79, 0, 0, 0, 0, 9, 88
"c:\Users\sahil\Downloads\am_group_main_dashboard\app\api\auth\login\route.ts", "TypeScript", 0, 0, 0, 19, 0, 0, 0, 0, 2, 21
"c:\Users\sahil\Downloads\am_group_main_dashboard\app\api\brands\hyundai\business-excellence\freshness\route.ts", "TypeScript", 0, 0, 0, 81, 0, 0, 0, 0, 0, 81
"c:\Users\sahil\Downloads\am_group_main_dashboard\app\api\brands\hyundai\business-excellence\open-ro\route.ts", "TypeScript", 0, 0, 0, 25, 0, 0, 0, 0, 0, 25
"c:\Users\sahil\Downloads\am_group_main_dashboard\app\api\brands\hyundai\business-excellence\overview\route.ts", "TypeScript", 0, 0, 0, 180, 0, 0, 0, 0, -19, 161
"c:\Users\sahil\Downloads\am_group_main_dashboard\app\api\brands\hyundai\business-excellence\performance-intelligence\route.ts", "TypeScript", 0, 0, 0, 3, 0, 0, 0, 0, 0, 3
"c:\Users\sahil\Downloads\am_group_main_dashboard\app\api\brands\hyundai\business-excellence\ro-billing-analysis\route.ts", "TypeScript", 0, 0, 0, 172, 0, 0, 0, 0, 4, 176
"c:\Users\sahil\Downloads\am_group_main_dashboard\app\api\brands\hyundai\business-excellence\ro-billing-report\route.ts", "TypeScript", 0, 0, 0, 1, 0, 0, 0, 0, 0, 1
"c:\Users\sahil\Downloads\am_group_main_dashboard\app\api\brands\hyundai\business-excellence\route.ts", "TypeScript", 0, 0, 0, 8, 0, 0, 0, 0, 0, 8
"c:\Users\sahil\Downloads\am_group_main_dashboard\app\api\brands\hyundai\business-excellence\service-dashboard-preview\route.ts", "TypeScript", 0, 0, 0, 3, 0, 0, 0, 0, 0, 3
"c:\Users\sahil\Downloads\am_group_main_dashboard\app\api\brands\hyundai\business-excellence\workshop-performance\route.ts", "TypeScript", 0, 0, 0, 53, 0, 0, 0, 0, 2, 55
"c:\Users\sahil\Downloads\am_group_main_dashboard\app\api\brands\hyundai\repair-orders\route.ts", "TypeScript", 0, 0, 0, 6, 0, 0, 0, 0, 0, 6
"c:\Users\sahil\Downloads\am_group_main_dashboard\app\api\brands\hyundai\warranty-claims\actions\route.ts", "TypeScript", 0, 0, 0, 3, 0, 0, 0, 0, 0, 3
"c:\Users\sahil\Downloads\am_group_main_dashboard\app\api\brands\hyundai\warranty-claims\route.ts", "TypeScript", 0, 0, 0, 35, 0, 0, 0, 0, 1, 36
"c:\Users\sahil\Downloads\am_group_main_dashboard\app\api\brands\kia\business-excellence\freshness\route.ts", "TypeScript", 0, 0, 0, 3, 0, 0, 0, 0, 3, 6
"c:\Users\sahil\Downloads\am_group_main_dashboard\app\api\brands\kia\business-excellence\overview\route.ts", "TypeScript", 0, 0, 0, 3, 0, 0, 0, 0, 0, 3
"c:\Users\sahil\Downloads\am_group_main_dashboard\app\api\brands\kia\business-excellence\performance-intelligence\route.ts", "TypeScript", 0, 0, 0, 3, 0, 0, 0, 0, 0, 3
"c:\Users\sahil\Downloads\am_group_main_dashboard\app\api\brands\kia\business-excellence\ro-billing-analysis\route.ts", "TypeScript", 0, 0, 0, -2, 0, 0, 0, 0, -1, -3
"c:\Users\sahil\Downloads\am_group_main_dashboard\app\api\brands\kia\business-excellence\route.ts", "TypeScript", 0, 0, 0, 8, 0, 0, 0, 0, 0, 8
"c:\Users\sahil\Downloads\am_group_main_dashboard\app\api\brands\kia\business-excellence\service-dashboard-preview\route.ts", "TypeScript", 0, 0, 0, 1, 0, 0, 0, 0, 0, 1
"c:\Users\sahil\Downloads\am_group_main_dashboard\app\api\brands\kia\business-excellence\workshop-performance\route.ts", "TypeScript", 0, 0, 0, 16, 0, 0, 0, 0, 0, 16
"c:\Users\sahil\Downloads\am_group_main_dashboard\app\api\brands\kia\demo-cars-list\route.ts", "TypeScript", 0, 0, 0, -5, 0, 0, 0, 0, -1, -6
"c:\Users\sahil\Downloads\am_group_main_dashboard\app\api\brands\kia\proforma\options\route.ts", "TypeScript", 0, 0, 0, 20, 0, 0, 0, 0, 6, 26
"c:\Users\sahil\Downloads\am_group_main_dashboard\app\api\brands\kia\sales-report\freshness\route.ts", "TypeScript", 0, 0, 0, 32, 0, 0, 0, 0, 6, 38
"c:\Users\sahil\Downloads\am_group_main_dashboard\app\api\brands\kia\sales-report\reports\route.ts", "TypeScript", 0, 0, 0, 68, 0, 0, 0, 0, 10, 78
"c:\Users\sahil\Downloads\am_group_main_dashboard\app\api\brands\kia\sales-report\summary\route.ts", "TypeScript", 0, 0, 0, 45, 0, 0, 0, 0, 9, 54
"c:\Users\sahil\Downloads\am_group_main_dashboard\app\api\brands\mg\proforma\options\route.ts", "TypeScript", 0, 0, 0, 32, 0, 0, 0, 0, 7, 39
"c:\Users\sahil\Downloads\am_group_main_dashboard\app\api\brands\platinum\business-excellence\freshness\route.ts", "TypeScript", 0, 0, 0, 5, 0, 0, 0, 0, 0, 5
"c:\Users\sahil\Downloads\am_group_main_dashboard\app\api\brands\platinum\business-excellence\overview\route.ts", "TypeScript", 0, 0, 0, -1, 0, 0, 0, 0, 0, -1
"c:\Users\sahil\Downloads\am_group_main_dashboard\app\api\brands\platinum\business-excellence\performance-intelligence\route.ts", "TypeScript", 0, 0, 0, 3, 0, 0, 0, 0, 0, 3
"c:\Users\sahil\Downloads\am_group_main_dashboard\app\api\brands\platinum\business-excellence\ro-billing-analysis\route.ts", "TypeScript", 0, 0, 0, 27, 0, 0, 0, 0, 1, 28
"c:\Users\sahil\Downloads\am_group_main_dashboard\app\api\brands\platinum\business-excellence\route.ts", "TypeScript", 0, 0, 0, 8, 0, 0, 0, 0, 0, 8
"c:\Users\sahil\Downloads\am_group_main_dashboard\app\api\brands\platinum\business-excellence\service-dashboard-preview\route.ts", "TypeScript", 0, 0, 0, 1, 0, 0, 0, 0, 0, 1
"c:\Users\sahil\Downloads\am_group_main_dashboard\app\api\brands\platinum\business-excellence\workshop-performance\route.ts", "TypeScript", 0, 0, 0, -2, 0, 0, 0, 0, -1, -3
"c:\Users\sahil\Downloads\am_group_main_dashboard\app\api\brands\platinum\warranty-claims\actions\route.ts", "TypeScript", 0, 0, 0, 3, 0, 0, 0, 0, 0, 3
"c:\Users\sahil\Downloads\am_group_main_dashboard\app\api\brands\platinum\warranty-claims\route.ts", "TypeScript", 0, 0, 0, 10, 0, 0, 0, 0, 0, 10
"c:\Users\sahil\Downloads\am_group_main_dashboard\app\api\notifications\route.ts", "TypeScript", 0, 0, 0, 4, 0, 0, 0, 0, 0, 4
"c:\Users\sahil\Downloads\am_group_main_dashboard\app\api\petty-cash\allocations\current\route.ts", "TypeScript", 0, 0, 0, 18, 0, 0, 0, 0, 3, 21
"c:\Users\sahil\Downloads\am_group_main_dashboard\app\api\petty-cash\categories\route.ts", "TypeScript", 0, 0, 0, 15, 0, 0, 0, 0, 3, 18
"c:\Users\sahil\Downloads\am_group_main_dashboard\app\api\petty-cash\expenses\[id]\workflow\route.ts", "TypeScript", 0, 0, 0, 18, 0, 0, 0, 0, 3, 21
"c:\Users\sahil\Downloads\am_group_main_dashboard\app\api\petty-cash\expenses\route.ts", "TypeScript", 0, 0, 0, 45, 0, 0, 0, 0, 7, 52
"c:\Users\sahil\Downloads\am_group_main_dashboard\app\api\petty-cash\reports\route.ts", "TypeScript", 0, 0, 0, 18, 0, 0, 0, 0, 3, 21
"c:\Users\sahil\Downloads\am_group_main_dashboard\app\api\petty-cash\requests\[id]\workflow\route.ts", "TypeScript", 0, 0, 0, 18, 0, 0, 0, 0, 3, 21
"c:\Users\sahil\Downloads\am_group_main_dashboard\app\api\petty-cash\requests\route.ts", "TypeScript", 0, 0, 0, 45, 0, 0, 0, 0, 7, 52
"c:\Users\sahil\Downloads\am_group_main_dashboard\app\api\petty-cash\route.ts", "TypeScript", 0, 0, 0, 15, 0, 0, 0, 0, 3, 18
"c:\Users\sahil\Downloads\am_group_main_dashboard\app\api\petty-cash\upload\route.ts", "TypeScript", 0, 0, 0, 75, 0, 0, 0, 0, 13, 88
"c:\Users\sahil\Downloads\am_group_main_dashboard\app\brands\kia\insurance\page.tsx", "TypeScript JSX", 0, 0, 0, 0, 47, 0, 0, 0, 8, 55
"c:\Users\sahil\Downloads\am_group_main_dashboard\app\brands\kia\sales-report\loading.tsx", "TypeScript JSX", 0, 0, 0, 0, 45, 0, 0, 0, 6, 51
"c:\Users\sahil\Downloads\am_group_main_dashboard\app\brands\kia\sales-report\page.tsx", "TypeScript JSX", 0, 0, 0, 0, 21, 0, 0, 0, 5, 26
"c:\Users\sahil\Downloads\am_group_main_dashboard\app\brands\kia\sales-report\sales-report-client.tsx", "TypeScript JSX", 0, 0, 0, 0, 2133, 0, 0, 0, 118, 2251
"c:\Users\sahil\Downloads\am_group_main_dashboard\app\layout.tsx", "TypeScript JSX", 0, 0, 0, 0, 5, 0, 0, 0, 0, 5
"c:\Users\sahil\Downloads\am_group_main_dashboard\app\petty-cash\page.tsx", "TypeScript JSX", 0, 0, 0, 0, 1123, 0, 0, 0, 87, 1210
"c:\Users\sahil\Downloads\am_group_main_dashboard\components\layout\notification-bell.tsx", "TypeScript JSX", 0, 0, 0, 0, 10, 0, 0, 0, 1, 11
"c:\Users\sahil\Downloads\am_group_main_dashboard\components\layout\sidebar.tsx", "TypeScript JSX", 0, 0, 0, 0, 99, 0, 0, 0, 1, 100
"c:\Users\sahil\Downloads\am_group_main_dashboard\components\providers\activity-tracker.tsx", "TypeScript JSX", 0, 0, 0, 0, 55, 0, 0, 0, 13, 68
"c:\Users\sahil\Downloads\am_group_main_dashboard\components\providers\query-provider.tsx", "TypeScript JSX", 0, 0, 0, 0, 1, 0, 0, 0, 0, 1
"c:\Users\sahil\Downloads\am_group_main_dashboard\docs\hyundai-business-excellence-source-contract.md", "Markdown", 0, 0, 2, 0, 0, 0, 0, 0, 0, 2
"c:\Users\sahil\Downloads\am_group_main_dashboard\docs\hyundai-cron-ingestion-contract.md", "Markdown", 0, 0, 26, 0, 0, 0, 0, 0, 13, 39
"c:\Users\sahil\Downloads\am_group_main_dashboard\docs\hyundai-data-coverage-2026-06-24.md", "Markdown", 0, 0, 145, 0, 0, 0, 0, 0, 26, 171
"c:\Users\sahil\Downloads\am_group_main_dashboard\features\hyundai\business-excellence-overview.tsx", "TypeScript JSX", 0, 0, 0, 0, 40, 0, 0, 0, 1, 41
"c:\Users\sahil\Downloads\am_group_main_dashboard\features\hyundai\business-excellence-page.tsx", "TypeScript JSX", 0, 0, 0, 0, 65, 0, 0, 0, 1, 66
"c:\Users\sahil\Downloads\am_group_main_dashboard\features\hyundai\warranty-claims-page.tsx", "TypeScript JSX", 0, 0, 0, 0, 1, 0, 0, 0, 0, 1
"c:\Users\sahil\Downloads\am_group_main_dashboard\features\kia\kia-sales-report-page.tsx", "TypeScript JSX", 0, 0, 0, 0, 1499, 0, 0, 5, 89, 1593
"c:\Users\sahil\Downloads\am_group_main_dashboard\features\platinum\business-excellence-page.tsx", "TypeScript JSX", 0, 0, 0, 0, -18, 0, 0, 0, -3, -21
"c:\Users\sahil\Downloads\am_group_main_dashboard\features\platinum\platinum-complaints-section.tsx", "TypeScript JSX", 0, 0, 0, 0, 5, 0, 0, 0, 1, 6
"c:\Users\sahil\Downloads\am_group_main_dashboard\lib\activity\user-activity.ts", "TypeScript", 0, 0, 0, 83, 0, 0, 0, 0, 13, 96
"c:\Users\sahil\Downloads\am_group_main_dashboard\lib\analytics\db.ts", "TypeScript", 0, 0, 0, 1, 0, 0, 0, 0, 0, 1
"c:\Users\sahil\Downloads\am_group_main_dashboard\lib\analytics\postgres-provider.ts", "TypeScript", 0, 0, 0, -5, 0, 0, 0, 0, 1, -4
"c:\Users\sahil\Downloads\am_group_main_dashboard\lib\analytics\table-columns.ts", "TypeScript", 0, 0, 0, 36, 0, 0, 0, 0, 9, 45
"c:\Users\sahil\Downloads\am_group_main_dashboard\lib\analytics\table-exists.ts", "TypeScript", 0, 0, 0, 26, 0, 0, 0, 0, 4, 30
"c:\Users\sahil\Downloads\am_group_main_dashboard\lib\auth\app-user.ts", "TypeScript", 0, 0, 0, 4, 0, 0, 0, 0, 1, 5
"c:\Users\sahil\Downloads\am_group_main_dashboard\lib\business-excellence\workshop-classification.ts", "TypeScript", 0, 0, 0, 119, 0, 0, 0, 0, 11, 130
"c:\Users\sahil\Downloads\am_group_main_dashboard\lib\db\auth-client.ts", "TypeScript", 0, 0, 0, 7, 0, 0, 0, 0, 0, 7
"c:\Users\sahil\Downloads\am_group_main_dashboard\lib\db\index.ts", "TypeScript", 0, 0, 0, 8, 0, 0, 0, 0, 0, 8
"c:\Users\sahil\Downloads\am_group_main_dashboard\lib\db\schema.ts", "TypeScript", 0, 0, 0, 305, 0, 0, 0, 0, 17, 322
"c:\Users\sahil\Downloads\am_group_main_dashboard\lib\hyundai\business-excellence-metrics.ts", "TypeScript", 0, 0, 0, 208, 0, 0, 0, 0, 30, 238
"c:\Users\sahil\Downloads\am_group_main_dashboard\lib\hyundai\business-excellence-operations.ts", "TypeScript", 0, 0, 0, 40, 0, 0, 0, 0, 7, 47
"c:\Users\sahil\Downloads\am_group_main_dashboard\lib\hyundai\business-excellence.ts", "TypeScript", 0, 0, 0, 1, 0, 0, 0, 0, 0, 1
"c:\Users\sahil\Downloads\am_group_main_dashboard\lib\hyundai\dealer-branch.ts", "TypeScript", 0, 0, 0, 5, 0, 0, 0, 0, 0, 5
"c:\Users\sahil\Downloads\am_group_main_dashboard\lib\hyundai\ro-billing-audit.ts", "TypeScript", 0, 0, 0, 570, 0, 0, 0, 0, 35, 605
"c:\Users\sahil\Downloads\am_group_main_dashboard\lib\hyundai\service-dashboard-export.ts", "TypeScript", 0, 0, 0, 15, 0, 0, 0, 0, 0, 15
"c:\Users\sahil\Downloads\am_group_main_dashboard\lib\hyundai\warranty-claims.ts", "TypeScript", 0, 0, 0, 44, 0, 0, 0, 0, 2, 46
"c:\Users\sahil\Downloads\am_group_main_dashboard\lib\kia\business-excellence-contract.ts", "TypeScript", 0, 0, 0, 14, 0, 0, 0, 0, 0, 14
"c:\Users\sahil\Downloads\am_group_main_dashboard\lib\kia\sales-report-types.ts", "TypeScript", 0, 0, 0, 197, 0, 0, 0, 0, 14, 211
"c:\Users\sahil\Downloads\am_group_main_dashboard\lib\kia\sales-report.ts", "TypeScript", 0, 0, 0, 1022, 0, 0, 0, 0, 101, 1123
"c:\Users\sahil\Downloads\am_group_main_dashboard\lib\kia\service-dashboard-export.ts", "TypeScript", 0, 0, 0, 14, 0, 0, 0, 0, 0, 14
"c:\Users\sahil\Downloads\am_group_main_dashboard\lib\notifications\finance-workflow.ts", "TypeScript", 0, 0, 0, 22, 0, 0, 0, 0, 3, 25
"c:\Users\sahil\Downloads\am_group_main_dashboard\lib\notifications\petty-cash.ts", "TypeScript", 0, 0, 0, 248, 0, 0, 0, 0, 24, 272
"c:\Users\sahil\Downloads\am_group_main_dashboard\lib\notifications\types.ts", "TypeScript", 0, 0, 0, 2, 0, 0, 0, 0, 0, 2
"c:\Users\sahil\Downloads\am_group_main_dashboard\lib\notifications\workflow.ts", "TypeScript", 0, 0, 0, 23, 0, 0, 0, 0, 4, 27
"c:\Users\sahil\Downloads\am_group_main_dashboard\lib\permissions\registry.ts", "TypeScript", 0, 0, 0, 34, 0, 0, 0, 0, 0, 34
"c:\Users\sahil\Downloads\am_group_main_dashboard\lib\petty-cash\access.ts", "TypeScript", 0, 0, 0, 99, 0, 0, 0, 0, 23, 122
"c:\Users\sahil\Downloads\am_group_main_dashboard\lib\petty-cash\constants.ts", "TypeScript", 0, 0, 0, 77, 0, 0, 0, 0, 10, 87
"c:\Users\sahil\Downloads\am_group_main_dashboard\lib\petty-cash\server.ts", "TypeScript", 0, 0, 0, 897, 0, 0, 0, 0, 132, 1029
"c:\Users\sahil\Downloads\am_group_main_dashboard\lib\platinum\business-excellence-coverage.ts", "TypeScript", 0, 0, 0, 35, 0, 0, 0, 0, 1, 36
"c:\Users\sahil\Downloads\am_group_main_dashboard\lib\platinum\business-excellence-vas.ts", "TypeScript", 0, 0, 0, -5, 0, 0, 0, 0, -1, -6
"c:\Users\sahil\Downloads\am_group_main_dashboard\lib\platinum\service-dashboard-export.ts", "TypeScript", 0, 0, 0, 14, 0, 0, 0, 0, 1, 15
"c:\Users\sahil\Downloads\am_group_main_dashboard\lib\platinum\warranty-claims.ts", "TypeScript", 0, 0, 0, 44, 0, 0, 0, 0, 2, 46
"c:\Users\sahil\Downloads\am_group_main_dashboard\next.config.ts", "TypeScript", 0, 0, 0, 1, 0, 0, 0, 0, 0, 1
"c:\Users\sahil\Downloads\am_group_main_dashboard\package.json", "JSON", 0, 4, 0, 0, 0, 0, 0, 0, 0, 4
"c:\Users\sahil\Downloads\am_group_main_dashboard\scratch\check-open-ro-statuses.ts", "TypeScript", 0, 0, 0, 35, 0, 0, 0, 0, 7, 42
"c:\Users\sahil\Downloads\am_group_main_dashboard\scratch\inspect-open-ro.ts", "TypeScript", 0, 0, 0, 30, 0, 0, 0, 0, 6, 36
"c:\Users\sahil\Downloads\am_group_main_dashboard\scratch\test-be-endpoints.ts", "TypeScript", 0, 0, 0, 32, 0, 0, 0, 3, 8, 43
"c:\Users\sahil\Downloads\am_group_main_dashboard\scratch\test-be-queries.ts", "TypeScript", 0, 0, 0, 107, 0, 0, 0, 1, 14, 122
"c:\Users\sahil\Downloads\am_group_main_dashboard\scratch\test-open-ro-sql.ts", "TypeScript", 0, 0, 0, 118, 0, 0, 0, 0, 12, 130
"c:\Users\sahil\Downloads\am_group_main_dashboard\scratch\test-overview-payload.ts", "TypeScript", 0, 0, 0, 142, 0, 0, 0, 5, 7, 154
"c:\Users\sahil\Downloads\am_group_main_dashboard\scratch\test-trend-fy.ts", "TypeScript", 0, 0, 0, 205, 0, 0, 0, 1, 15, 221
"c:\Users\sahil\Downloads\am_group_main_dashboard\scripts\analyze-hyundai-data-coverage.js", "JavaScript", 0, 0, 0, 0, 0, 0, 11, 0, 0, 11
"c:\Users\sahil\Downloads\am_group_main_dashboard\scripts\clean-next-dev-types.js", "JavaScript", 0, 0, 0, 0, 0, 0, 44, 0, 9, 53
"c:\Users\sahil\Downloads\am_group_main_dashboard\scripts\cleanup-warranty-remarks.ts", "TypeScript", 0, 0, 0, 93, 0, 0, 0, 0, 17, 110
"c:\Users\sahil\Downloads\am_group_main_dashboard\scripts\create-petty-cash.sql", "MS SQL", 0, 0, 0, 0, 0, 454, 0, 2, 26, 482
"c:\Users\sahil\Downloads\am_group_main_dashboard\scripts\create-user-activity-events.sql", "MS SQL", 0, 0, 0, 0, 0, 36, 0, 0, 11, 47
"c:\Users\sahil\Downloads\am_group_main_dashboard\scripts\inspect-open-ro-columns.ts", "TypeScript", 0, 0, 0, 42, 0, 0, 0, 0, 6, 48
"c:\Users\sahil\Downloads\am_group_main_dashboard\scripts\petty-cash-hold-statuses.sql", "MS SQL", 0, 0, 0, 0, 0, 3, 0, 0, 1, 4
"c:\Users\sahil\Downloads\am_group_main_dashboard\scripts\repair-hyundai-business-excellence-data.mjs", "JavaScript", 0, 0, 0, 0, 0, 0, 256, 0, 31, 287
"c:\Users\sahil\Downloads\am_group_main_dashboard\scripts\setup-hyundai-business-excellence-parity.js", "JavaScript", 0, 0, 0, 0, 0, 0, -14, 0, -1, -15
"c:\Users\sahil\Downloads\am_group_main_dashboard\scripts\setup-hyundai-business-excellence-parity.sql", "MS SQL", 0, 0, 0, 0, 0, 79, 0, 0, 8, 87
"c:\Users\sahil\Downloads\am_group_main_dashboard\scripts\supabase-performance-fast-follow-2026-06-26.sql", "MS SQL", 0, 0, 0, 0, 0, 22, 0, 2, 8, 32
"c:\Users\sahil\Downloads\am_group_main_dashboard\scripts\verify-hyundai-business-excellence-parity.mjs", "JavaScript", 0, 0, 0, 0, 0, 0, 55, 0, 1, 56
"c:\Users\sahil\Downloads\am_group_main_dashboard\scripts\verify-hyundai-dealer-registry.ts", "TypeScript", 0, 0, 0, 33, 0, 0, 0, 0, 6, 39
"c:\Users\sahil\Downloads\am_group_main_dashboard\scripts\verify-platinum-business-excellence.js", "JavaScript", 0, 0, 0, 0, 0, 0, -1, 0, 1, 0
"c:\Users\sahil\Downloads\am_group_main_dashboard\scripts\warranty-claim-performance-and-retention.sql", "MS SQL", 0, 0, 0, 0, 0, 9, 0, 0, 2, 11
"c:\Users\sahil\Downloads\am_group_main_dashboard\tsconfig.json", "JSON with Comments", 11, 0, 0, 0, 0, 0, 0, 0, 0, 11
"Total", "-", 11, 4, 180, 6298, 5131, 603, 351, 19, 1096, 13693